firstname,lastname,email,company_name,company_email
Karen,Smith,traci49@hotmail.com,"Walker, Moore and Olson",info@fernandez.com
Joseph,Carter,rogersnathan@hotmail.com,Jones-Brown,info@english-olson.info
Amy,Williams,williamsjohn@yahoo.com,"Kim, Morgan and Farmer",info@avila-rice.com
Terri,Lin,ralph36@yahoo.com,"Reeves, Stein and Douglas",info@johnson.com
Austin,Peters,jenningstodd@gmail.com,Johnson-Cruz,info@gibson-hall.com
Michelle,Hammond,mwright@hotmail.com,Jordan-Davis,info@murphy.net
Tiffany,Martinez,georgefleming@gmail.com,Mays LLC,info@mcguire-johnson.biz
Shane,Green,lreynolds@hotmail.com,"Newman, White and Thomas",info@hamilton-parsons.com
Karen,Gregory,james38@gmail.com,Morgan-Smith,info@taylor.com
Jennifer,Dorsey,krandolph@gmail.com,Everett Group,info@johnson.com
Christina,Smith,ryanlam@yahoo.com,Chaney LLC,info@tran.org
Kimberly,Torres,franklinjoe@gmail.com,Gutierrez-Alexander,info@sanchez.com
Amanda,Murray,frankgriffin@hotmail.com,Young PLC,info@williams-rogers.com
Adam,Rogers,schneidererin@gmail.com,Le-Hughes,info@bean.org
Kaitlyn,Robertson,johnnythomas@hotmail.com,Hanson-Jones,info@contreras.biz
Heather,Baker,lopezdavid@yahoo.com,Nelson-Gonzales,info@harrington-lee.com
Mary,Smith,martin72@hotmail.com,Garcia-Fuller,info@tucker.com
Wendy,Neal,catherine50@hotmail.com,"Gamble, Lee and Barnes",info@craig.net
Amanda,Diaz,jknight@gmail.com,Walsh-Mckinney,info@murphy.com
Robert,English,julia69@yahoo.com,"Bailey, Yoder and Diaz",info@clark.biz
Jennifer,Jackson,cperry@hotmail.com,Short-Moore,info@brennan-summers.com
Jason,Martinez,wiseangela@hotmail.com,Barnes-Bray,info@lin.com
Amber,Hobbs,mary50@gmail.com,"Rose, Myers and Graves",info@williamson.biz
Kyle,Hernandez,kathy18@yahoo.com,"Scott, Bailey and Perkins",info@acosta.com
Christine,Bray,olyons@hotmail.com,"Grant, Rodriguez and Cisneros",info@pittman.info
Katelyn,Thomas,equinn@yahoo.com,Owen-Barber,info@arnold.com
Michael,Anderson,whitneyjackson@hotmail.com,Delacruz PLC,info@evans-santiago.com
Morgan,Martin,robert83@hotmail.com,Coleman Ltd,info@marquez.com
Jason,Gonzales,stephenhartman@yahoo.com,"Keith, Miles and Pierce",info@bennett.com
Brian,Ward,wclayton@hotmail.com,Allen-Aguirre,info@hernandez.com
Larry,Gardner,rhondacoleman@hotmail.com,Williams-Price,info@burns.com
Jamie,Wallace,adamgibbs@yahoo.com,"Ortiz, Everett and Anderson",info@moreno-morton.com
John,Ford,carlcameron@yahoo.com,"Myers, Perez and Gonzalez",info@crawford.biz
Brooke,Yu,brian07@yahoo.com,"Brown, Stewart and Brown",info@morton-suarez.com
Heather,Morales,kimberlyallen@gmail.com,Jordan-Williams,info@bowen-ward.com
Jordan,Larson,amberfrench@gmail.com,"Brown, Beard and Young",info@harris.com
Allison,Lynch,derrickbaxter@yahoo.com,Griffin-Barber,info@singh.com
Joseph,Stewart,torresmegan@hotmail.com,Phillips and Sons,info@anderson.com
Vincent,Perez,davisvincent@yahoo.com,"Mathis, Kidd and Benson",info@kelley.com
Sheila,Burton,schmittjonathan@hotmail.com,Tran Ltd,info@lang.com
Jeremy,Bishop,rparker@yahoo.com,"Miller, Pearson and Lara",info@jackson.com
Tyler,Anderson,brookechavez@gmail.com,"Herring, Powell and Wilson",info@guerrero-fisher.biz
Samuel,Schwartz,tiffanycarrillo@hotmail.com,Reid-Phillips,info@olsen.biz
Hayley,Davila,nicholaswhite@yahoo.com,Bailey-Ford,info@sparks.com
Samantha,Hill,hallcrystal@yahoo.com,Atkins LLC,info@joseph.org
Nicholas,Mitchell,richard21@yahoo.com,Cannon PLC,info@marks.com
James,Barber,hicksdanny@gmail.com,Miller and Sons,info@lawson.com
Daniel,Juarez,nicholas02@gmail.com,"Edwards, Green and Johnston",info@ortiz.info
David,Evans,kenneth67@gmail.com,Jefferson-Arnold,info@davis.com
Adam,Johnston,elizabeth24@hotmail.com,"Freeman, Oliver and Garza",info@bond.com
Jennifer,Travis,kimberlywilson@yahoo.com,"Knight, Taylor and Owen",info@munoz-george.com
Jesus,Bishop,michaelevans@hotmail.com,"Jenkins, Mccarthy and Thompson",info@mays-montoya.com
Benjamin,Wyatt,gallegosstacy@gmail.com,Maldonado Inc,info@mcgrath-mitchell.com
Nicholas,Sanchez,hammondjacob@hotmail.com,Riddle Inc,info@carpenter-robinson.com
James,Fisher,wnunez@hotmail.com,Poole-Washington,info@barnes-riley.com
Allison,Hart,jason07@yahoo.com,Freeman-Levy,info@greene-snow.com
Penny,Shaw,ashleydoyle@hotmail.com,"Smith, Smith and Nelson",info@wolf.net
Terri,Harris,ojames@yahoo.com,"Dickerson, Rodriguez and May",info@cross.net
Jennifer,Macias,matthewstone@yahoo.com,Holland and Sons,info@kelley.com
Randall,Myers,uwilliams@gmail.com,Taylor Ltd,info@santiago.com
Sean,Miller,francomicheal@hotmail.com,Hobbs-Evans,info@tran.com
Traci,Jenkins,robertsbrendan@hotmail.com,Miller Ltd,info@mitchell.com
Jamie,Shepard,owilliams@gmail.com,"Fuentes, Ross and Grant",info@castro.com
Randy,Johnson,oroy@yahoo.com,Smith-Knight,info@garcia.info
Angel,Strong,haynesmichael@hotmail.com,Willis LLC,info@hancock.com
April,Alexander,gonzalezdoris@yahoo.com,Padilla-Bryan,info@jones-lucas.net
Victoria,Brown,victoria14@gmail.com,Levy Group,info@james.com
Joseph,Arnold,edwardsmichael@yahoo.com,"Hubbard, Beasley and Smith",info@gaines.biz
Molly,Perry,daniel56@gmail.com,Wright Group,info@hall-rodriguez.com
Sandra,Lutz,ecunningham@yahoo.com,Edwards LLC,info@brown.net
Deborah,Mitchell,danny82@yahoo.com,"Gentry, Olson and Marquez",info@gonzalez.net
Hunter,Foster,calderoncody@hotmail.com,"Kane, Turner and Cole",info@bond.com
Robert,Baxter,nelsonwendy@yahoo.com,Williams-Griffith,info@lee.org
Travis,Perry,pricesarah@hotmail.com,Brown PLC,info@patel.net
Michael,Nguyen,owiggins@yahoo.com,"Bryant, Jones and Hughes",info@zhang.info
Jeremy,Rodgers,jose96@gmail.com,Johnson-Jones,info@wheeler.com
Kristina,Stevens,terrycaldwell@gmail.com,Padilla PLC,info@davis.com
Karl,Gonzales,leeeileen@yahoo.com,"Fisher, Patterson and Hart",info@campbell-martinez.com
Dylan,Oconnor,ckim@hotmail.com,Hughes Inc,info@kidd.com
Sandra,Roberts,wellsbradley@gmail.com,Peterson-Bean,info@williams.com
Jon,Aguilar,petersonteresa@yahoo.com,Hall LLC,info@brown-warren.com
Eric,Cohen,jordanmeyers@gmail.com,"Rivera, Sosa and Mendoza",info@cain.com
Keith,Meza,joshua31@yahoo.com,"Vance, Smith and Holt",info@torres.com
Victor,Mayo,josephrobinson@yahoo.com,Knight-Taylor,info@hendricks.com
Karla,May,donaldgonzalez@yahoo.com,"Grant, Raymond and Williams",info@kelly.com
Gwendolyn,Ferrell,wsteele@hotmail.com,Campbell PLC,info@turner-wheeler.com
Jonathan,Thomas,tiffany18@yahoo.com,Hutchinson-Tran,info@martin-fowler.com
Sheri,Turner,hannah58@yahoo.com,Richards PLC,info@torres.biz
Carlos,Sullivan,dalton08@yahoo.com,Davis-Walker,info@lee.com
Lisa,Young,smithamber@hotmail.com,Adams-Ross,info@park.org
Paul,Griffith,baileystephanie@yahoo.com,"Liu, Washington and Garner",info@hartman-wright.com
John,Marks,manuelduncan@yahoo.com,Bennett Group,info@morgan-santos.net
Michael,Gallegos,wshort@hotmail.com,Mendez-Lane,info@miller.com
Mary,Turner,mariobernard@gmail.com,Cortez Inc,info@key.com
William,Estrada,larsonmichelle@yahoo.com,Harrison Ltd,info@rivera.com
Lisa,Patterson,uperez@hotmail.com,Edwards-Peters,info@collier.biz
David,Richard,nsmith@hotmail.com,Frazier-Coleman,info@allen-wood.com
Shaun,Sanchez,rstevens@hotmail.com,Holland-Massey,info@mcintyre.com
Tanner,Murphy,trujillotara@yahoo.com,Garcia-Shelton,info@klein.com
Brian,Roberts,kaitlyn88@hotmail.com,Lawrence-Moyer,info@garza.com
